<?xml version="1.0"?>
<songs>
    <song>
        <artist>Amy Winehouse</artist>
        <title>You Know I'm No Good</title>
        <data>/Users/scapoual/Music/AmyWinehouse-BackToBlackDE-2007[2CD+4SkidVidXviD+Cov]/102  Amy Winehouse - You Know Im No Good.mp3</data>
    </song>
    <song>
        <artist>Tom Caruana</artist>
        <title>R.E.C. Room</title>
        <data>/Users/scapoual/Music/Enter The Magical Mystery Chambers/12 R.E.C. Room.mp3</data>
    </song>
    <song>
        <artist>Jacob Miller</artist>
        <title>03 - 80,000 Careless Ethiopians</title>
        <data>/Users/scapoual/Music/Jacob Miller/Jacob Miller - Jacob 'Killer' Miller/03 - 80,000 Careless Ethiopians.mp3</data>
    </song>
</songs>